{
	"AWSEBDockerrunVersion": 2,
	"volumes": [
	  {
		"name": "nginx-proxy-conf",
		"host": {
		  "sourcePath": "/var/app/current/nginx-proxy-conf/conf.d"
		}
	  }
	],
	"containerDefinitions": [
	  {
		"name": "node-express-rest-api",
		"image": "005449736555.dkr.ecr.ca-central-1.amazonaws.com/aspyr-backend-node:latest-staging",
		"essential": true,
		"memory": 512
	  },
	  {
		"name": "nginx-proxy",
		"image": "nginx",
		"essential": true,
		"memory": 256,
		"portMappings": [
		  {
			"hostPort": 80,
			"containerPort": 80
		  }
		],
		"links": [
		  "node-express-rest-api"
		],
		"mountPoints": [
		  {
			"sourceVolume": "nginx-proxy-conf",
			"containerPath": "/etc/nginx/conf.d",
			"readOnly": true
		  },
		  {
			"sourceVolume": "awseb-logs-nginx-proxy",
			"containerPath": "/var/log/nginx"
		  }
		]
	  }
	]
  }